<?xml version="1.0" encoding="UTF-8" standalone="yes"?>
<species_defaults>
    <schema_version>5.9</schema_version>
    <species_default last_change_user="DHANSON" last_change_date="2024-06-15T08:00:12.145-08:00">
        <species name="Kings">410</species>
        <condition_code name="Whole">1</condition_code>
        <product_item_template>
            <product_code name="Whole">1</product_code>
            <product_type name="Primary">P</product_type>
            <size_grade>Good Qual</size_grade>
            <price>0.0</price>
        </product_item_template>
        <product_item_template>
            <product_code name="Whole">1</product_code>
            <product_type name="Primary">P</product_type>
            <size_grade>Under Qual</size_grade>
            <price>0.0</price>
        </product_item_template>
    </species_default>
    <species_default>
        <species name="Reds">420</species>
        <condition_code name="Whole">1</condition_code>
        <product_item_template>
            <product_code name="Whole">1</product_code>
            <product_type name="Primary">P</product_type>
            <size_grade>Good Qual</size_grade>
            <price>0.0</price>
        </product_item_template>
        <product_item_template>
            <product_code name="Whole">1</product_code>
            <product_type name="Primary">P</product_type>
            <size_grade>Under Qual</size_grade>
            <price>0.0</price>
        </product_item_template>
    </species_default>
    <species_default>
        <species name="Silvers">430</species>
        <condition_code name="Whole">1</condition_code>
        <condition_code name="Whole">1</condition_code>
        <product_item_template>
            <product_code name="Whole">1</product_code>
            <product_type name="Primary">P</product_type>
            <size_grade>Good Qual</size_grade>
            <price>0.0</price>
        </product_item_template>
        <product_item_template>
            <product_code name="Whole">1</product_code>
            <product_type name="Primary">P</product_type>
            <size_grade>Under Qual</size_grade>
            <price>0.0</price>
        </product_item_template>
    </species_default>
    <species_default>
        <species name="Pinks">440</species>
        <condition_code name="Whole">1</condition_code>
        <condition_code name="Whole">1</condition_code>
        <product_item_template>
            <product_code name="Whole">1</product_code>
            <product_type name="Primary">P</product_type>
            <size_grade>Good Qual</size_grade>
            <price>0.0</price>
        </product_item_template>
        <product_item_template>
            <product_code name="Whole">1</product_code>
            <product_type name="Primary">P</product_type>
            <size_grade>Under Qual</size_grade>
            <price>0.0</price>
        </product_item_template>
    </species_default>
    <species_default>
        <species name="Chums">450</species>
        <condition_code name="Whole">1</condition_code>
        <condition_code name="Whole">1</condition_code>
        <product_item_template>
            <product_code name="Whole">1</product_code>
            <product_type name="Primary">P</product_type>
            <size_grade>Good Qual</size_grade>
            <price>0.0</price>
        </product_item_template>
        <product_item_template>
            <product_code name="Whole">1</product_code>
            <product_type name="Primary">P</product_type>
            <size_grade>Under Qual</size_grade>
            <price>0.0</price>
        </product_item_template>
    </species_default>
    <species_default>
        <species name="Salmon, Mixed">460</species>
        <condition_code name="Whole">1</condition_code>
        <condition_code name="Whole">1</condition_code>
        <product_item_template>
            <product_code name="Whole">1</product_code>
            <product_type name="Primary">P</product_type>
            <size_grade>Good Qual</size_grade>
            <price>0.0</price>
        </product_item_template>
        <product_item_template>
            <product_code name="Whole">1</product_code>
            <product_type name="Primary">P</product_type>
            <size_grade>Under Qual</size_grade>
            <price>0.0</price>
        </product_item_template>
    </species_default>
</species_defaults>
